{"count":1,"self":1870.5498112,"total":3328.1130467999997,"children":{"InitializeActuators":{"count":1,"self":0.0021116999999999998,"total":0.0021116999999999998,"children":null},"InitializeSensors":{"count":1,"self":0.0025098,"total":0.0025098,"children":null},"AgentSendState":{"count":1683284,"self":117.62311679999999,"total":241.3019143,"children":{"CollectObservations":{"count":336657,"self":1.775242,"total":1.7752420999999998,"children":null},"WriteActionMask":{"count":336657,"self":0.43768599999999996,"total":0.43768599999999996,"children":null},"RequestDecision":{"count":336657,"self":2.7664898,"total":121.4658752,"children":{"AgentInfo.ToProto":{"count":336657,"self":2.7944815999999997,"total":118.6993854,"children":{"GenerateSensorData":{"count":336657,"self":107.8327296,"total":115.9049038,"children":{"RayPerceptionSensor.Perceive":{"count":336657,"self":8.0721704,"total":8.0721705,"children":null}}}}}}}}},"DecideAction":{"count":1683284,"self":1078.8252671999999,"total":1078.8252293,"children":null},"AgentAct":{"count":1683284,"self":136.8494976,"total":136.84949989999998,"children":null},"AgentInfo.ToProto":{"count":1806,"self":0.0181469,"total":0.5809447,"children":{"GenerateSensorData":{"count":1806,"self":0.5152031,"total":0.5627978,"children":{"RayPerceptionSensor.Perceive":{"count":1806,"self":0.0475947,"total":0.0475947,"children":null}}}}}},"gauges":{"Player.CumulativeReward":{"count":1806,"max":240,"min":-20,"runningAverage":56.74423,"value":20,"weightedAverage":75.20325}},"metadata":{"timer_format_version":"0.1.0","start_time_seconds":"1730563528","unity_version":"2022.3.5f1","command_line_arguments":"C:\\Program Files\\Unity\\Hub\\Editor\\2022.3.5f1\\Editor\\Unity.exe -projectpath C:\\Github\\UnityProject\\Project_MLAgent -useHub -hubIPC -cloudEnvironment production","communication_protocol_version":"1.5.0","com.unity.ml-agents_version":"3.0.0-exp.1","scene_name":"HorizontalInfinite","end_time_seconds":"1730566856"}}