{"count":1,"self":1355.791872,"total":2906.5752517,"children":{"InitializeActuators":{"count":1,"self":0.0015033,"total":0.0015033,"children":null},"InitializeSensors":{"count":1,"self":0.0020181,"total":0.0020181,"children":null},"AgentSendState":{"count":2498251,"self":125.17308159999999,"total":157.0585889,"children":{"CollectObservations":{"count":499651,"self":1.8740497999999999,"total":1.8740497999999999,"children":null},"WriteActionMask":{"count":499651,"self":0.52484639999999994,"total":0.52484639999999994,"children":null},"RequestDecision":{"count":499651,"self":2.7482675999999997,"total":29.4866118,"children":{"AgentInfo.ToProto":{"count":499651,"self":2.4371956,"total":26.738344299999998,"children":{"GenerateSensorData":{"count":499651,"self":14.3752208,"total":24.3011487,"children":{"RayPerceptionSensor.Perceive":{"count":499651,"self":9.925927999999999,"total":9.9259276,"children":null}}}}}}}}},"DecideAction":{"count":2498251,"self":1134.7003392,"total":1134.7003178999998,"children":null},"AgentAct":{"count":2498251,"self":258.8347904,"total":258.8347851,"children":null},"AgentInfo.ToProto":{"count":3620,"self":0.0224971,"total":0.1852027,"children":{"GenerateSensorData":{"count":3620,"self":0.0976944,"total":0.1627056,"children":{"RayPerceptionSensor.Perceive":{"count":3620,"self":0.065011199999999991,"total":0.065011199999999991,"children":null}}}}}},"gauges":{"Player.CumulativeReward":{"count":3620,"max":167.9,"min":-2.89999986,"runningAverage":44.20002,"value":58.4,"weightedAverage":49.8111038}},"metadata":{"timer_format_version":"0.1.0","start_time_seconds":"1727418698","unity_version":"2022.3.5f1","command_line_arguments":"C:\\Program Files\\Unity\\Hub\\Editor\\2022.3.5f1\\Editor\\Unity.exe -projectpath C:\\Github\\UnityProject\\Project_MLAgent -useHub -hubIPC -cloudEnvironment production","communication_protocol_version":"1.5.0","com.unity.ml-agents_version":"3.0.0-exp.1","scene_name":"InfiniteMap","end_time_seconds":"1727421605"}}