{"count":1,"self":43273.928704,"total":66263.1574359,"children":{"InitializeActuators":{"count":1,"self":0.0015294999999999998,"total":0.0015294999999999998,"children":null},"InitializeSensors":{"count":1,"self":0.0023309999999999997,"total":0.0023309999999999997,"children":null},"AgentSendState":{"count":43003386,"self":2236.8862208,"total":2747.7326933,"children":{"CollectObservations":{"count":8600678,"self":30.3700224,"total":30.3700224,"children":null},"WriteActionMask":{"count":8600678,"self":8.3507584,"total":8.3507584,"children":null},"RequestDecision":{"count":8600678,"self":46.437356799999996,"total":472.12572989999995,"children":{"AgentInfo.ToProto":{"count":8600678,"self":37.3329504,"total":425.68837379999997,"children":{"GenerateSensorData":{"count":8600678,"self":228.49336319999998,"total":388.3554223,"children":{"RayPerceptionSensor.Perceive":{"count":8600678,"self":159.86206719999998,"total":159.8620666,"children":null}}}}}}}}},"DecideAction":{"count":43003386,"self":18589.8647552,"total":18589.8652273,"children":null},"AgentAct":{"count":43003386,"self":1650.7291648,"total":1650.7291519,"children":null},"AgentInfo.ToProto":{"count":18014,"self":0.11016269999999999,"total":0.8952059,"children":{"GenerateSensorData":{"count":18014,"self":0.4445916,"total":0.78504319999999994,"children":{"RayPerceptionSensor.Perceive":{"count":18014,"self":0.34045159999999997,"total":0.34045159999999997,"children":null}}}}}},"gauges":{"Player.CumulativeReward":{"count":18014,"max":11570,"min":-20,"runningAverage":154.440384,"value":90,"weightedAverage":418.885681}},"metadata":{"timer_format_version":"0.1.0","start_time_seconds":"1730313900","unity_version":"2022.3.5f1","command_line_arguments":"C:\\Program Files\\Unity\\Hub\\Editor\\2022.3.5f1\\Editor\\Unity.exe -projectpath C:\\Github\\UnityProject\\Project_MLAgent -useHub -hubIPC -cloudEnvironment production","communication_protocol_version":"1.5.0","com.unity.ml-agents_version":"3.0.0-exp.1","scene_name":"InfiniteMap","end_time_seconds":"1730380163"}}