{"count":1,"self":2147.0705663999997,"total":3209.877553,"children":{"InitializeActuators":{"count":1,"self":0.0009998,"total":0.0009998,"children":null},"InitializeSensors":{"count":1,"self":0.0010000999999999999,"total":0.0010000999999999999,"children":null},"AgentSendState":{"count":1671767,"self":58.305952,"total":70.2854634,"children":{"CollectObservations":{"count":334354,"self":0.6651192,"total":0.6651192,"children":null},"WriteActionMask":{"count":334354,"self":0.1041643,"total":0.1041643,"children":null},"RequestDecision":{"count":334354,"self":0.96949979999999991,"total":11.2102272,"children":{"AgentInfo.ToProto":{"count":334354,"self":1.4820016999999999,"total":10.240727399999999,"children":{"GenerateSensorData":{"count":334354,"self":6.1479288,"total":8.7587257,"children":{"RayPerceptionSensor.Perceive":{"count":334354,"self":2.6107967999999997,"total":2.6107969,"children":null}}}}}}}}},"DecideAction":{"count":1671767,"self":874.6365952,"total":874.636628,"children":null},"AgentAct":{"count":1671767,"self":117.7988096,"total":117.7988146,"children":null},"AgentInfo.ToProto":{"count":2484,"self":0.0100155,"total":0.0825825,"children":{"GenerateSensorData":{"count":2484,"self":0.049514199999999994,"total":0.072566999999999993,"children":{"RayPerceptionSensor.Perceive":{"count":2484,"self":0.0230528,"total":0.0230528,"children":null}}}}}},"gauges":{"Player.CumulativeReward":{"count":2484,"max":128.7,"min":-2.3,"runningAverage":42.59342,"value":68.1,"weightedAverage":57.7252426}},"metadata":{"timer_format_version":"0.1.0","start_time_seconds":"1729039645","unity_version":"2022.3.5f1","command_line_arguments":"C:\\Program Files\\Unity\\Hub\\Editor\\2022.3.5f1\\Editor\\Unity.exe -projectpath C:\\GitHub\\Unity\\Unity_MLAgent -useHub -hubIPC -cloudEnvironment production","communication_protocol_version":"1.5.0","com.unity.ml-agents_version":"3.0.0-exp.1","scene_name":"InfiniteMap","end_time_seconds":"1729042855"}}