{"count":1,"self":67.2055488,"total":121.1892719,"children":{"InitializeActuators":{"count":1,"self":0.0015037,"total":0.0015037,"children":null},"InitializeSensors":{"count":1,"self":0.0020082,"total":0.0020082,"children":null},"AgentSendState":{"count":86167,"self":3.4251655999999997,"total":4.4111062,"children":{"CollectObservations":{"count":17234,"self":0.061334799999999995,"total":0.061334799999999995,"children":null},"WriteActionMask":{"count":17234,"self":0.0263984,"total":0.0263984,"children":null},"RequestDecision":{"count":17234,"self":0.085215699999999991,"total":0.89820749999999994,"children":{"AgentInfo.ToProto":{"count":17234,"self":0.071099,"total":0.81299179999999993,"children":{"GenerateSensorData":{"count":17234,"self":0.45295359999999996,"total":0.7418928,"children":{"RayPerceptionSensor.Perceive":{"count":17234,"self":0.2889392,"total":0.2889392,"children":null}}}}}}}}},"DecideAction":{"count":86167,"self":38.899983999999996,"total":38.899983999999996,"children":null},"AgentAct":{"count":86167,"self":10.667608,"total":10.6676079,"children":null},"AgentInfo.ToProto":{"count":75,"self":0,"total":0.0015130999999999999,"children":{"GenerateSensorData":{"count":75,"self":0,"total":0.0015130999999999999,"children":{"RayPerceptionSensor.Perceive":{"count":75,"self":0.0015130999999999999,"total":0.0015130999999999999,"children":null}}}}}},"gauges":{"Player.CumulativeReward":{"count":75,"max":125.999985,"min":-1.3,"runningAverage":52.7440071,"value":37.8000031,"weightedAverage":33.93431}},"metadata":{"timer_format_version":"0.1.0","start_time_seconds":"1727375700","unity_version":"2022.3.5f1","command_line_arguments":"C:\\Program Files\\Unity\\Hub\\Editor\\2022.3.5f1\\Editor\\Unity.exe -projectpath C:\\Github\\UnityProject\\Project_MLAgent -useHub -hubIPC -cloudEnvironment production","communication_protocol_version":"1.5.0","com.unity.ml-agents_version":"3.0.0-exp.1","scene_name":"InfiniteMap","end_time_seconds":"1727375822"}}